{
  "test/integration/opaTests.qunit.html": 1714038987921,
  "test/testsuite.qunit.js": 1714038987909,
  "test/integration/pages/RisksList.js": 1714038987969,
  "test/integration/opaTests.qunit.js": 1714038987921,
  "test/integration/FirstJourney.js": 1714038988029,
  "test/integration/pages/RisksObjectPage.js": 1714038987973,
  "xs-app.json": 1714060175681,
  "manifest.json": 1714060175693,
  "Component.js": 1714038987829,
  "test/integration/pages/RisksList-dbg.js": 1714038987969,
  "test/integration/pages/RisksList.js.map": 1714060192629,
  "test/testsuite.qunit-dbg.js": 1714038987909,
  "test/testsuite.qunit.js.map": 1714060192645,
  "test/integration/opaTests.qunit-dbg.js": 1714038987921,
  "test/integration/opaTests.qunit.js.map": 1714060192628,
  "test/integration/FirstJourney-dbg.js": 1714038988029,
  "test/integration/FirstJourney.js.map": 1714060192641,
  "test/integration/pages/RisksObjectPage-dbg.js": 1714038987973,
  "test/integration/pages/RisksObjectPage.js.map": 1714060192631,
  "Component-dbg.js": 1714038987829,
  "Component.js.map": 1714060192632,
  "Component-preload.js": 1714060192797,
  "Component-preload.js.map": 1714060192797,
  "i18n/i18n.properties": 1714039021552,
  "test/testsuite.qunit.html": 1714038987905,
  "test/flpSandbox.html": 1714038987893,
  "index.html": 1714038987841
}